Emoji,ISO 3166 Code,Name,Demonym 1,Demonym 2,Demonym 3
ğŸ‡¦ğŸ‡©,AD,Andorra,Andorran,,
ğŸ‡¦ğŸ‡ª,AE,United Arab Emirates,Emirian,Emirati,
ğŸ‡¦ğŸ‡«,AF,Afghanistan,Afghani,Afghan,
ğŸ‡¦ğŸ‡¬,AG,Antigua and Barbuda,Antiguan,,
ğŸ‡¦ğŸ‡®,AI,Anguilla,Anguillan,,
ğŸ‡¦ğŸ‡±,AL,Albania,Albanian,Alabanian,
ğŸ‡¦ğŸ‡²,AM,Armenia,Armenian,Hayastani,
ğŸ‡¦ğŸ‡´,AO,Angola,Angolan,,
ğŸ‡¦ğŸ‡¶,AQ,Antarctica,Antarctic,,
ğŸ‡¦ğŸ‡·,AR,Argentina,Argentine,Argentinian,Argentinean
ğŸ‡¦ğŸ‡¸,AS,American Samoa,Samoan,,
ğŸ‡¦ğŸ‡¹,AT,Austria,Austrian,,
ğŸ‡¦ğŸ‡º,AU,Australia,Australian,,
ğŸ‡¦ğŸ‡¼,AW,Aruba,Arubian,,
ğŸ‡¦ğŸ‡½,AX,Ã…land Islands,Ã…landic,Ã…landish,
ğŸ‡¦ğŸ‡¿,AZ,Azerbaijan,Azerbaijani,,
ğŸ‡§ğŸ‡¦,BA,Bosnia and Herzegovina,Bosnian,Herzegovinian,
ğŸ‡§ğŸ‡§,BB,Barbados,Barbadian,Barbadan,Bajan
ğŸ‡§ğŸ‡©,BD,Bangladesh,Bangladeshi,,
ğŸ‡§ğŸ‡ª,BE,Belgium,Belgian,,
ğŸ‡§ğŸ‡«,BF,Burkina Faso,Burkinabe,,
ğŸ‡§ğŸ‡¬,BG,Bulgaria,Bulgarian,,
ğŸ‡§ğŸ‡­,BH,Bahrain,Bahrainian,,
ğŸ‡§ğŸ‡®,BI,Burundi,Burundian,,
ğŸ‡§ğŸ‡¯,BJ,Benin,Beninese,,
ğŸ‡§ğŸ‡±,BL,Saint BarthÃ©lemy,BarthÃ©lemois,,
ğŸ‡§ğŸ‡²,BM,Bermuda,Bermudan,,
ğŸ‡§ğŸ‡³,BN,Brunei,Bruneian,,
ğŸ‡§ğŸ‡´,BO,Bolivia,Bolivian,,
ğŸ‡§ğŸ‡¶,BQ,Caribbean Netherlands,,,
ğŸ‡§ğŸ‡·,BR,Brazil,Brazilian,,
ğŸ‡§ğŸ‡¸,BS,Bahamas,Bahameese,Bahamian,
ğŸ‡§ğŸ‡¹,BT,Bhutan,Bhutanese,,
ğŸ‡§ğŸ‡»,BV,Bouvet Island,,,
ğŸ‡§ğŸ‡¼,BW,Botswana,Motswana,Batswana,
ğŸ‡§ğŸ‡¾,BY,Belarus,Belarusian,,
ğŸ‡§ğŸ‡¿,BZ,Belize,Belizean,,
ğŸ‡¨ğŸ‡¦,CA,Canada,Canadian,,
ğŸ‡¨ğŸ‡¨,CC,Cocos (Keeling) Islands,Cocossian,Cocos Islandia,
ğŸ‡¨ğŸ‡©,CD,Democratic Republic of the Congo,Congolese,,
ğŸ‡¨ğŸ‡«,CF,Central African Republic,Central African,,
ğŸ‡¨ğŸ‡¬,CG,Congo (Republic of),Congolese,,
ğŸ‡¨ğŸ‡­,CH,Switzerland,Swiss,,
ğŸ‡¨ğŸ‡®,CI,CÃ´te d'Ivoire (Ivory Coast),Ivorian,,
ğŸ‡¨ğŸ‡°,CK,Cook Islands,Cook Islander,,
ğŸ‡¨ğŸ‡±,CL,Chile,Chilean,,
ğŸ‡¨ğŸ‡²,CM,Cameroon,Cameroonian,,
ğŸ‡¨ğŸ‡³,CN,China,Chinese,,
ğŸ‡¨ğŸ‡´,CO,Colombia,Colombian,Columbian,
ğŸ‡¨ğŸ‡·,CR,Costa Rica,Costa Rican,,
ğŸ‡¨ğŸ‡º,CU,Cuba,Cuban,,
ğŸ‡¨ğŸ‡»,CV,Cape Verde,Cape Verdean,,
ğŸ‡¨ğŸ‡¼,CW,CuraÃ§ao,CuraÃ§aoan,,
ğŸ‡¨ğŸ‡½,CX,Christmas Island,Christmas Islander,,
ğŸ‡¨ğŸ‡¾,CY,Cyprus,Cypriot,,
ğŸ‡¨ğŸ‡¿,CZ,Czech Republic,Czech,,
ğŸ‡©ğŸ‡ª,DE,Germany,German,,
ğŸ‡©ğŸ‡¯,DJ,Djibouti,Djiboutian,Djibouti,
ğŸ‡©ğŸ‡°,DK,Denmark,Danish,Dane,
ğŸ‡©ğŸ‡²,DM,Dominica,Dominican,,
ğŸ‡©ğŸ‡´,DO,Dominican Republic,Dominican,,
ğŸ‡©ğŸ‡¿,DZ,Algeria,Algerian,,
ğŸ‡ªğŸ‡¨,EC,Ecuador,Ecuadorean,Ecudorean,
ğŸ‡ªğŸ‡ª,EE,Estonia,Estonian,,
ğŸ‡ªğŸ‡¬,EG,Egypt,Egyptian,,
ğŸ‡ªğŸ‡­,EH,Western Saharan,Western Saharan,Sahrawi,
ğŸ‡ªğŸ‡·,ER,Eritrea,Eritrean,,
ğŸ‡ªğŸ‡¸,ES,Spain,Spanish,,
ğŸ‡ªğŸ‡¹,ET,Ethiopia,Ethiopian,,
ğŸ‡«ğŸ‡®,FI,Finland,Finnish,,
ğŸ‡«ğŸ‡¯,FJ,Fiji,Fijian,,
ğŸ‡«ğŸ‡°,FK,Falkland Islands,Falkland Islander,,
ğŸ‡«ğŸ‡²,FM,Micronesia,Micronesian,,
ğŸ‡«ğŸ‡´,FO,Faroe Islands,Faroese,,
ğŸ‡«ğŸ‡·,FR,France,French,,
ğŸ‡¬ğŸ‡¦,GA,Gabon,Gabonese,,
ğŸ‡¬ğŸ‡§,GB,United Kingdom,British,,
ğŸ‡¬ğŸ‡©,GD,Grenada,Grenadian,,
ğŸ‡¬ğŸ‡ª,GE,Georgia,Georgian,,
ğŸ‡¬ğŸ‡«,GF,French Guiana,French Guianese,,
ğŸ‡¬ğŸ‡¬,GG,Guernsey,,,
ğŸ‡¬ğŸ‡­,GH,Ghana,Ghanaian,Ghanian,
ğŸ‡¬ğŸ‡®,GI,Gibraltar,Gibraltarian,,
ğŸ‡¬ğŸ‡±,GL,Greenland,Greenlander,Greenlandic,
ğŸ‡¬ğŸ‡²,GM,Gambia,Gambian,,
ğŸ‡¬ğŸ‡³,GN,Guinea,Guinean,,
ğŸ‡¬ğŸ‡µ,GP,Guadeloupe,Guadeloupean,,
ğŸ‡¬ğŸ‡¶,GQ,Equatorial Guinea,Equatorial Guinean,Equatoguinean,
ğŸ‡¬ğŸ‡·,GR,Greece,Greek,,
ğŸ‡¬ğŸ‡¸,GS,South Georgia and the South Sandwich Islands,,,
ğŸ‡¬ğŸ‡¹,GT,Guatemala,Guatemalan,,
ğŸ‡¬ğŸ‡º,GU,Guam,Guamanian,,
ğŸ‡¬ğŸ‡¼,GW,Guinea-Bissau,Guinean,,
ğŸ‡¬ğŸ‡¾,GY,Guyana,Guyanese,,
ğŸ‡­ğŸ‡°,HK,Hong Kong,Hong Konger,,
ğŸ‡­ğŸ‡²,HM,Heard and McDonald Islands,,,
ğŸ‡­ğŸ‡³,HN,Honduras,Honduran,,
ğŸ‡­ğŸ‡·,HR,Croatia,Croatian,Croat,
ğŸ‡­ğŸ‡¹,HT,Haiti,Haitian,,
ğŸ‡­ğŸ‡º,HU,Hungary,Hungarian,,
ğŸ‡®ğŸ‡©,ID,Indonesia,Indonesian,,
ğŸ‡®ğŸ‡ª,IE,Ireland,Irish,,
ğŸ‡®ğŸ‡±,IL,Israel,Israeli,,
ğŸ‡®ğŸ‡²,IM,Isle of Man,Manx,,
ğŸ‡®ğŸ‡³,IN,India,Indian,,
ğŸ‡®ğŸ‡´,IO,British Indian Ocean Territory,,,
ğŸ‡®ğŸ‡¶,IQ,Iraq,Iraqi,,
ğŸ‡®ğŸ‡·,IR,Iran,Iranian,,
ğŸ‡®ğŸ‡¸,IS,Iceland,Icelander,,
ğŸ‡®ğŸ‡¹,IT,Italy,Italian,,
ğŸ‡¯ğŸ‡ª,JE,Jersey,,,
ğŸ‡¯ğŸ‡²,JM,Jamaica,Jamaican,,
ğŸ‡¯ğŸ‡´,JO,Jordan,Jordanian,,
ğŸ‡¯ğŸ‡µ,JP,Japan,Japanese,,
ğŸ‡°ğŸ‡ª,KE,Kenya,Kenyan,,
ğŸ‡°ğŸ‡¬,KG,Kyrgyzstan,Kyrgyzstani,,
ğŸ‡°ğŸ‡­,KH,Cambodia,Cambodian,,
ğŸ‡°ğŸ‡®,KI,Kiribati,I-Kiribati,,
ğŸ‡°ğŸ‡²,KM,Comoros,Comoran,,
ğŸ‡°ğŸ‡³,KN,Saint Kitts and Nevis,Kittian,Nevisian,
ğŸ‡°ğŸ‡µ,KP,North Korea,North Korean,,
ğŸ‡°ğŸ‡·,KR,South Korea,South Korean,,
ğŸ‡°ğŸ‡¼,KW,Kuwait,Kuwaiti,,
ğŸ‡°ğŸ‡¾,KY,Cayman Islands,Caymanian,,
ğŸ‡°ğŸ‡¿,KZ,Kazakhstan,Kazakhstani,Kazakh,
ğŸ‡±ğŸ‡¦,LA,Laos,Laotian,,
ğŸ‡±ğŸ‡§,LB,Lebanon,Lebanese,,
ğŸ‡±ğŸ‡¨,LC,Saint Lucia,Saint Lucian,,
ğŸ‡±ğŸ‡®,LI,Liechtenstein,Liechtensteiner,,
ğŸ‡±ğŸ‡°,LK,Sri Lanka,Sri Lankan,,
ğŸ‡±ğŸ‡·,LR,Liberia,Liberian,,
ğŸ‡±ğŸ‡¸,LS,Lesotho,Mosotho,Basotho,
ğŸ‡±ğŸ‡¹,LT,Lithuania,Lithunian,,
ğŸ‡±ğŸ‡º,LU,Luxembourg,Luxembourger,,
ğŸ‡±ğŸ‡»,LV,Latvia,Latvian,,
ğŸ‡±ğŸ‡¾,LY,Libya,Libyan,,
ğŸ‡²ğŸ‡¦,MA,Morocco,Moroccan,,
ğŸ‡²ğŸ‡¨,MC,Monaco,Monacan,,
ğŸ‡²ğŸ‡©,MD,Moldova,Moldovan,,
ğŸ‡²ğŸ‡ª,ME,Montenegro,Montenegrin,,
ğŸ‡²ğŸ‡«,MF,Saint Martin (France),,,
ğŸ‡²ğŸ‡¬,MG,Madagascar,Malagasy,,
ğŸ‡²ğŸ‡­,MH,Marshall Islands,Marshallese,,
ğŸ‡²ğŸ‡°,MK,Macedonia,Macedonian,,
ğŸ‡²ğŸ‡±,ML,Mali,Malian,,
ğŸ‡²ğŸ‡²,MM,Burma (Republic of the Union of Myanmar),Myanmarese,Burmese,
ğŸ‡²ğŸ‡³,MN,Mongolia,Mongolian,,
ğŸ‡²ğŸ‡´,MO,Macau,Macanese,,
ğŸ‡²ğŸ‡µ,MP,Northern Mariana Islands,Northern Mariana Islander,,
ğŸ‡²ğŸ‡¶,MQ,Martinique,Martinican,MartiniquaÃ­s,
ğŸ‡²ğŸ‡·,MR,Mauritania,Mauritanian,,
ğŸ‡²ğŸ‡¸,MS,Montserrat,Montserratian,,
ğŸ‡²ğŸ‡¹,MT,Malta,Maltese,,
ğŸ‡²ğŸ‡º,MU,Mauritius,Mauritian,,
ğŸ‡²ğŸ‡»,MV,Maldives,Maldivan,,
ğŸ‡²ğŸ‡¼,MW,Malawi,Malawian,,
ğŸ‡²ğŸ‡½,MX,Mexico,Mexican,,
ğŸ‡²ğŸ‡¾,MY,Malaysia,Malaysian,,
ğŸ‡²ğŸ‡¿,MZ,Mozambique,Mozambican,,
ğŸ‡³ğŸ‡¦,NA,Namibia,Namibian,,
ğŸ‡³ğŸ‡¨,NC,New Caledonia,New Caledonian,New Caledonians,
ğŸ‡³ğŸ‡ª,NE,Niger,Nigerien,,
ğŸ‡³ğŸ‡«,NF,Norfolk Island,Norfolk Islander,,
ğŸ‡³ğŸ‡¬,NG,Nigeria,Nigerian,,
ğŸ‡³ğŸ‡®,NI,Nicaragua,Nicaraguan,Nicoya,
ğŸ‡³ğŸ‡±,NL,Netherlands,Dutch,,
ğŸ‡³ğŸ‡´,NO,Norway,Norwegian,,
ğŸ‡³ğŸ‡µ,NP,Nepal,Nepalese,,
ğŸ‡³ğŸ‡·,NR,Nauru,Nauruan,,
ğŸ‡³ğŸ‡º,NU,Niue,Niuean,,
ğŸ‡³ğŸ‡¿,NZ,New Zealand,New Zealander,,
ğŸ‡´ğŸ‡²,OM,Oman,Omani,,
ğŸ‡µğŸ‡¦,PA,Panama,Panamanian,,
ğŸ‡µğŸ‡ª,PE,Peru,Peruvian,,
ğŸ‡µğŸ‡«,PF,French Polynesia,French Polynesian,,
ğŸ‡µğŸ‡¬,PG,Papua New Guinea,Papua New Guinean,,
ğŸ‡µğŸ‡­,PH,Philippines,Filipino,,
ğŸ‡µğŸ‡°,PK,Pakistan,Pakistani,,
ğŸ‡µğŸ‡±,PL,Poland,Polish,Pole,
ğŸ‡µğŸ‡²,PM,St. Pierre and Miquelon,Saint-Pierrais,Miquelonnais,
ğŸ‡µğŸ‡³,PN,Pitcairn,Pitcairn Islander,,
ğŸ‡µğŸ‡·,PR,Puerto Rico,Puerto Rican,,
ğŸ‡µğŸ‡¸,PS,Palestine,Palestinian,,
ğŸ‡µğŸ‡¹,PT,Portugal,Portuguese,Portugese,
ğŸ‡µğŸ‡¼,PW,Palau,Palauan,,
ğŸ‡µğŸ‡¾,PY,Paraguay,Paraguayan,,
ğŸ‡¶ğŸ‡¦,QA,Qatar,Qatari,,
ğŸ‡·ğŸ‡ª,RE,RÃ©union,,,
ğŸ‡·ğŸ‡´,RO,Romania,Romanian,,
ğŸ‡·ğŸ‡¸,RS,Serbia,Serbian,Serb,
ğŸ‡·ğŸ‡º,RU,Russian Federation,Russian,,
ğŸ‡·ğŸ‡¼,RW,Rwanda,Rwandan,Rwandese,
ğŸ‡¸ğŸ‡¦,SA,Saudi Arabia,Saudi Arabian,Saudi,
ğŸ‡¸ğŸ‡§,SB,Solomon Islands,Solomon Islander,,
ğŸ‡¸ğŸ‡¨,SC,Seychelles,Seychellois,,
ğŸ‡¸ğŸ‡©,SD,Sudan,Sudanese,,
ğŸ‡¸ğŸ‡ª,SE,Sweden,Swedish,Swede,
ğŸ‡¸ğŸ‡¬,SG,Singapore,Singaporean,,
ğŸ‡¸ğŸ‡­,SH,Saint Helena,Saint Helenian,,
ğŸ‡¸ğŸ‡®,SI,Slovenia,Slovenian,Slovene,
ğŸ‡¸ğŸ‡¯,SJ,Svalbard and Jan Mayen Islands,,,
ğŸ‡¸ğŸ‡°,SK,Slovakia,Slovakian,Slovak,
ğŸ‡¸ğŸ‡±,SL,Sierra Leone,Sierra Leonean,,
ğŸ‡¸ğŸ‡²,SM,San Marino,Sanmarinese,Sammarinese,
ğŸ‡¸ğŸ‡³,SN,Senegal,Senegalese,,
ğŸ‡¸ğŸ‡´,SO,Somalia,Somali,,
ğŸ‡¸ğŸ‡·,SR,Suriname,Surinamer,Surinamese,
ğŸ‡¸ğŸ‡¸,SS,South Sudan,Sudanese,,
ğŸ‡¸ğŸ‡¹,ST,SÃ£o Tome and PrÃ­ncipe,SÃ£o Tomean,Sao Tomean,
ğŸ‡¸ğŸ‡»,SV,El Salvador,Salvadorean,Salvadoran,
ğŸ‡¸ğŸ‡½,SX,Saint Martin (Netherlands),,,
ğŸ‡¸ğŸ‡¾,SY,Syria,Syrian,,
ğŸ‡¸ğŸ‡¿,SZ,Swaziland,Swazi,,
ğŸ‡¹ğŸ‡¨,TC,Turks and Caicos Islands,Turks and Caicos Islander,,
ğŸ‡¹ğŸ‡©,TD,Chad,Chadian,,
ğŸ‡¹ğŸ‡«,TF,French Southern Territories,,,
ğŸ‡¹ğŸ‡¬,TG,Togo,Togolese,,
ğŸ‡¹ğŸ‡­,TH,Thailand,Thai,,
ğŸ‡¹ğŸ‡¯,TJ,Tajikistan,Tajikistani,,
ğŸ‡¹ğŸ‡°,TK,Tokelau,Tokelauan,,
ğŸ‡¹ğŸ‡±,TL,Timor-Leste,Timorese,,
ğŸ‡¹ğŸ‡²,TM,Turkmenistan,Turkmen,,
ğŸ‡¹ğŸ‡³,TN,Tunisia,Tunisian,,
ğŸ‡¹ğŸ‡´,TO,Tonga,Tongan,,
ğŸ‡¹ğŸ‡·,TR,Turkey,Turkish,Turk,
ğŸ‡¹ğŸ‡¹,TT,Trinidad and Tobago,Trinidadian,Tobagonian,
ğŸ‡¹ğŸ‡»,TV,Tuvalu,Tuvaluan,,
ğŸ‡¹ğŸ‡¼,TW,Taiwan,Taiwanese,,
ğŸ‡¹ğŸ‡¿,TZ,Tanzania,Tanzanian,,
ğŸ‡ºğŸ‡¦,UA,Ukraine,Ukrainian,,
ğŸ‡ºğŸ‡¬,UG,Uganda,Ugandan,,
ğŸ‡ºğŸ‡²,UM,United States Minor Outlying Islands,,,
ğŸ‡ºğŸ‡¸,US,United States of America,American,,
ğŸ‡ºğŸ‡¾,UY,Uruguay,Uruguayan,,
ğŸ‡ºğŸ‡¿,UZ,Uzbekistan,Uzbekistani,,
ğŸ‡»ğŸ‡¦,VA,Vatican,,,
ğŸ‡»ğŸ‡¨,VC,Saint Vincent and Grenadines,Saint Vincentian,Vincentian,
ğŸ‡»ğŸ‡ª,VE,Venezuela,Venezuelan,,
ğŸ‡»ğŸ‡¬,VG,British Virgin Islands,Virgin Islander,,
ğŸ‡»ğŸ‡®,VI,United States Virgin Islands,Virgin Islander,,
ğŸ‡»ğŸ‡³,VN,Vietnam,Vietnamese,,
ğŸ‡»ğŸ‡º,VU,Vanuatu,Ni-Vanuatu,,
ğŸ‡¼ğŸ‡«,WF,Wallis and Futuna Islands,Wallisian,Futunan,
ğŸ‡¼ğŸ‡¸,WS,Samoa,Samoan,,
ğŸ‡¾ğŸ‡ª,YE,Yemen,Yemeni,Yemenese,
ğŸ‡¾ğŸ‡¹,YT,Mayotte,Mahoran,,
ğŸ‡¿ğŸ‡¦,ZA,South Africa,South African,,
ğŸ‡¿ğŸ‡²,ZM,Zambia,Zambian,,
ğŸ‡¿ğŸ‡¼,ZW,Zimbabwe,Zimbabwean,,